{
	"class_name" : "PinholeCameraParameters",
	"extrinsic" : 
	[
		0.54293943881136786,
		0.15642408424427218,
		-0.82507470670936089,
		0.0,
		-0.83182105722762334,
		-0.034702352038991018,
		-0.55395800880182333,
		0.0,
		-0.11528440716730119,
		0.98708016525067654,
		0.11127557159044899,
		0.0,
		5.2225096089833869,
		-44.099151975659694,
		31.894792291613388,
		1.0
	],
	"intrinsic" : 
	{
		"height" : 800,
		"intrinsic_matrix" : 
		[
			692.82032302755113,
			0.0,
			0.0,
			0.0,
			692.82032302755113,
			0.0,
			499.5,
			399.5,
			1.0
		],
		"width" : 1000
	},
	"version_major" : 1,
	"version_minor" : 0
}