{
	"class_name" : "PinholeCameraParameters",
	"extrinsic" : 
	[
		0.76667423319571515,
		0.59449528569444443,
		-0.24245819318151171,
		0.0,
		-0.63925213616656518,
		0.67169475039590487,
		-0.37441002750603042,
		0.0,
		-0.059727100718564768,
		0.44204243866133952,
		0.89500343902249357,
		0.0,
		0.01091053334660446,
		0.01542519826413033,
		-0.024786204811880444,
		1.0
	],
	"intrinsic" : 
	{
		"height" : 1080,
		"intrinsic_matrix" : 
		[
			935.30743608719399,
			0.0,
			0.0,
			0.0,
			935.30743608719399,
			0.0,
			959.5,
			539.5,
			1.0
		],
		"width" : 1920
	},
	"version_major" : 1,
	"version_minor" : 0
}