{
	"class_name" : "PinholeCameraParameters",
	"extrinsic" : 
	[
		0.45852400631391133,
		0.55194457768559557,
		-0.69650048011276333,
		0.0,
		-0.88827967814450992,
		0.30823337711743304,
		-0.34051637057015099,
		0.0,
		0.026738530799696791,
		0.77482215275136013,
		0.63161355477572023,
		0.0,
		-0.4366235185185221,
		-32.279814429809313,
		7.711384643711094,
		1.0
	],
	"intrinsic" : 
	{
		"height" : 800,
		"intrinsic_matrix" : 
		[
			692.82032302755113,
			0.0,
			0.0,
			0.0,
			692.82032302755113,
			0.0,
			499.5,
			399.5,
			1.0
		],
		"width" : 1000
	},
	"version_major" : 1,
	"version_minor" : 0
}