{
	"class_name" : "PinholeCameraParameters",
	"extrinsic" : 
	[
		-0.8468988808091561,
		0.18867277453847048,
		-0.49715678596611179,
		0.0,
		-0.1623671837280283,
		-0.98203978766130073,
		-0.096097622750909786,
		0.0,
		-0.50635874963550054,
		-0.00066302194757028587,
		0.86232266412838154,
		0.0,
		32.665916133763595,
		0.71449787494386074,
		-7.35657057964087,
		1.0
	],
	"intrinsic" : 
	{
		"height" : 800,
		"intrinsic_matrix" : 
		[
			692.82032302755124,
			0.0,
			0.0,
			0.0,
			692.82032302755124,
			0.0,
			499.5,
			399.5,
			1.0
		],
		"width" : 1000
	},
	"version_major" : 1,
	"version_minor" : 0
}