{
	"class_name" : "PinholeCameraParameters",
	"extrinsic" : 
	[
		0.96304429676998193,
		-0.26887170789877007,
		0.015927559461815226,
		0.0,
		-0.061226651080843936,
		-0.27612136979745844,
		-0.9591706242054121,
		0.0,
		0.26229178343256543,
		0.9227486081445877,
		-0.28237922464478604,
		0.0,
		-16.89726579141692,
		-18.438481240698707,
		69.75031796007886,
		1.0
	],
	"intrinsic" : 
	{
		"height" : 800,
		"intrinsic_matrix" : 
		[
			692.82032302755113,
			0.0,
			0.0,
			0.0,
			692.82032302755113,
			0.0,
			499.5,
			399.5,
			1.0
		],
		"width" : 1000
	},
	"version_major" : 1,
	"version_minor" : 0
}