{
	"class_name" : "PinholeCameraParameters",
	"extrinsic" : 
	[
		-0.23275739503893961,
		0.10314748132525683,
		0.96704942590900844,
		0.0,
		0.96841983762910744,
		0.11595756446191502,
		0.22071896459179513,
		0.0,
		-0.089370090864339544,
		0.9878838192522017,
		-0.12688004775607187,
		0.0,
		5.6564880819689529,
		-43.608819686931099,
		43.678029958036177,
		1.0
	],
	"intrinsic" : 
	{
		"height" : 800,
		"intrinsic_matrix" : 
		[
			692.82032302755113,
			0.0,
			0.0,
			0.0,
			692.82032302755113,
			0.0,
			499.5,
			399.5,
			1.0
		],
		"width" : 1000
	},
	"version_major" : 1,
	"version_minor" : 0
}