{
	"class_name" : "PinholeCameraParameters",
	"extrinsic" : 
	[
		0.78382256443810439,
		-0.57518213486208647,
		0.23406772356129402,
		0.0,
		0.40475896169764236,
		0.1873544024476681,
		-0.89502430738439931,
		0.0,
		0.47094837339470691,
		0.79628125660407822,
		0.37966273187911126,
		0.0,
		-25.8906474259392,
		-33.680077828060085,
		32.874896974245232,
		1.0
	],
	"intrinsic" : 
	{
		"height" : 933,
		"intrinsic_matrix" : 
		[
			808.00170173088156,
			0.0,
			0.0,
			0.0,
			808.00170173088156,
			0.0,
			649.5,
			466.0,
			1.0
		],
		"width" : 1300
	},
	"version_major" : 1,
	"version_minor" : 0
}