{
	"class_name" : "PinholeCameraParameters",
	"extrinsic" : 
	[
		0.80477885647711311,
		0.38591153670529443,
		-0.45100252549752817,
		0.0,
		-0.50379640858382158,
		0.042305279166106873,
		-0.8627858610644481,
		0.0,
		-0.31387922974518967,
		0.9215652712599558,
		0.2284672404134355,
		0.0,
		9.9028722973340244,
		-30.609086933941182,
		50.754577414491742,
		1.0
	],
	"intrinsic" : 
	{
		"height" : 800,
		"intrinsic_matrix" : 
		[
			692.82032302755124,
			0.0,
			0.0,
			0.0,
			692.82032302755124,
			0.0,
			499.5,
			399.5,
			1.0
		],
		"width" : 1000
	},
	"version_major" : 1,
	"version_minor" : 0
}