{
	"class_name" : "PinholeCameraParameters",
	"extrinsic" : 
	[
		0.27264771821788503,
		0.40190112079102941,
		-0.87415027933273304,
		0.0,
		-0.9535600198997608,
		-0.0080063208071845526,
		-0.30109664109036566,
		0.0,
		-0.12800980509066012,
		0.91564806991226,
		0.38105393563983087,
		0.0,
		6.0239463841939145,
		-37.805934834516037,
		23.92583272854322,
		1.0
	],
	"intrinsic" : 
	{
		"height" : 800,
		"intrinsic_matrix" : 
		[
			692.82032302755113,
			0.0,
			0.0,
			0.0,
			692.82032302755113,
			0.0,
			499.5,
			399.5,
			1.0
		],
		"width" : 1000
	},
	"version_major" : 1,
	"version_minor" : 0
}