{
	"class_name" : "PinholeCameraParameters",
	"extrinsic" : 
	[
		0.66664018833788063,
		0.05838820739252501,
		-0.74308927897684185,
		0.0,
		-0.74218051746586799,
		0.14426198326801945,
		-0.65448954130503434,
		0.0,
		0.068985062056444876,
		0.98781541667513229,
		0.13950542567227731,
		0.0,
		-2.7160667797298688,
		-44.65299172774786,
		32.113308235191063,
		1.0
	],
	"intrinsic" : 
	{
		"height" : 800,
		"intrinsic_matrix" : 
		[
			692.82032302755113,
			0.0,
			0.0,
			0.0,
			692.82032302755113,
			0.0,
			499.5,
			399.5,
			1.0
		],
		"width" : 1000
	},
	"version_major" : 1,
	"version_minor" : 0
}