{
	"class_name" : "PinholeCameraParameters",
	"extrinsic" : 
	[
		0.11933900290883347,
		0.070848517240888476,
		-0.99032251816743677,
		0.0,
		-0.91142337111095473,
		-0.38778965899588608,
		-0.13757404903759077,
		0.0,
		-0.39378374900123608,
		0.91902103783353184,
		0.018294563178977583,
		0.0,
		16.62856922150209,
		-38.253532521952266,
		30.68570114561831,
		1.0
	],
	"intrinsic" : 
	{
		"height" : 800,
		"intrinsic_matrix" : 
		[
			692.82032302755113,
			0.0,
			0.0,
			0.0,
			692.82032302755113,
			0.0,
			499.5,
			399.5,
			1.0
		],
		"width" : 1000
	},
	"version_major" : 1,
	"version_minor" : 0
}