{
	"class_name" : "PinholeCameraParameters",
	"extrinsic" : 
	[
		0.22144801166870967,
		-0.1036898316762869,
		0.96964385056314284,
		0.0,
		0.39834340922366263,
		0.9172088067860551,
		0.0071086624740986813,
		0.0,
		-0.89010297519783887,
		0.38467703799556885,
		0.2444182275995615,
		0.0,
		31.591729721125589,
		-17.356572921003963,
		30.142180111627066,
		1.0
	],
	"intrinsic" : 
	{
		"height" : 800,
		"intrinsic_matrix" : 
		[
			692.82032302755113,
			0.0,
			0.0,
			0.0,
			692.82032302755113,
			0.0,
			499.5,
			399.5,
			1.0
		],
		"width" : 1000
	},
	"version_major" : 1,
	"version_minor" : 0
}