{
	"class_name" : "PinholeCameraParameters",
	"extrinsic" : 
	[
		-0.51697470817101387,
		-0.7182378631155234,
		0.46569466724318626,
		0.0,
		0.72236733136519504,
		-0.65794285412268483,
		-0.21283007138377352,
		0.0,
		0.45926309419310168,
		0.22637484996382057,
		0.8589713834674797,
		0.0,
		-15.231126111146811,
		-2.5755815844209247,
		5.9997890838945533,
		1.0
	],
	"intrinsic" : 
	{
		"height" : 800,
		"intrinsic_matrix" : 
		[
			692.82032302755124,
			0.0,
			0.0,
			0.0,
			692.82032302755124,
			0.0,
			499.5,
			399.5,
			1.0
		],
		"width" : 1000
	},
	"version_major" : 1,
	"version_minor" : 0
}