{
	"class_name" : "PinholeCameraParameters",
	"extrinsic" : 
	[
		0.18118600754754299,
		0.27800513907830188,
		-0.94333704120798523,
		0.0,
		-0.98344753977066635,
		0.049655536737947724,
		-0.1742563175046753,
		0.0,
		-0.0016022446771899665,
		0.95929529880914166,
		0.28240035852433698,
		0.0,
		0.31680830451660907,
		-39.828890301301392,
		26.520266682549448,
		1.0
	],
	"intrinsic" : 
	{
		"height" : 800,
		"intrinsic_matrix" : 
		[
			692.82032302755113,
			0.0,
			0.0,
			0.0,
			692.82032302755113,
			0.0,
			499.5,
			399.5,
			1.0
		],
		"width" : 1000
	},
	"version_major" : 1,
	"version_minor" : 0
}