{
	"class_name" : "PinholeCameraParameters",
	"extrinsic" : 
	[
		0.28599084631250749,
		0.32947451365372299,
		-0.89980874672237909,
		0.0,
		-0.9500662841337949,
		-0.024835590561795025,
		-0.31105827298699268,
		0.0,
		-0.12483305482787536,
		0.94383777117367451,
		0.30591987534034315,
		0.0,
		5.5339186424644211,
		-39.136623911581331,
		23.4049258121211,
		1.0
	],
	"intrinsic" : 
	{
		"height" : 800,
		"intrinsic_matrix" : 
		[
			692.82032302755113,
			0.0,
			0.0,
			0.0,
			692.82032302755113,
			0.0,
			499.5,
			399.5,
			1.0
		],
		"width" : 1000
	},
	"version_major" : 1,
	"version_minor" : 0
}