{
	"class_name" : "PinholeCameraParameters",
	"extrinsic" : 
	[
		0.10873883040357987,
		0.30933081874991275,
		-0.94471705358481284,
		0.0,
		-0.64718763041354999,
		-0.69932259498977156,
		-0.30347335826471872,
		0.0,
		-0.75453564382483351,
		0.64440852935717774,
		0.12415155854665519,
		0.0,
		19.984677514698227,
		-21.491609067041786,
		74.277918291417762,
		1.0
	],
	"intrinsic" : 
	{
		"height" : 800,
		"intrinsic_matrix" : 
		[
			692.82032302755113,
			0.0,
			0.0,
			0.0,
			692.82032302755113,
			0.0,
			499.5,
			399.5,
			1.0
		],
		"width" : 1000
	},
	"version_major" : 1,
	"version_minor" : 0
}