{
	"class_name" : "PinholeCameraParameters",
	"extrinsic" : 
	[
		-0.81850511025383199,
		-0.031852697519097778,
		0.57361554210910226,
		0.0,
		-0.023352474273315139,
		-0.99579188410980612,
		-0.088618200649509704,
		0.0,
		0.57402443017146632,
		-0.08592979228299967,
		0.8143169065938175,
		0.0,
		-0.04448934590225373,
		-0.013813752735021067,
		0.044885912634646849,
		1.0
	],
	"intrinsic" : 
	{
		"height" : 800,
		"intrinsic_matrix" : 
		[
			692.82032302755113,
			0.0,
			0.0,
			0.0,
			692.82032302755113,
			0.0,
			499.5,
			399.5,
			1.0
		],
		"width" : 1000
	},
	"version_major" : 1,
	"version_minor" : 0
}