{
	"class_name" : "PinholeCameraParameters",
	"extrinsic" : 
	[
		-0.15047220623217933,
		0.42013364324406977,
		-0.89489990332220137,
		0.0,
		-0.19932785047465307,
		-0.89950935522868003,
		-0.3887818512755436,
		0.0,
		-0.9683111706351295,
		0.11987761121472718,
		0.21909549322766975,
		0.0,
		27.715765625140971,
		-4.2566755154431295,
		75.801299052000914,
		1.0
	],
	"intrinsic" : 
	{
		"height" : 1080,
		"intrinsic_matrix" : 
		[
			935.30743608719399,
			0.0,
			0.0,
			0.0,
			935.30743608719399,
			0.0,
			959.5,
			539.5,
			1.0
		],
		"width" : 1920
	},
	"version_major" : 1,
	"version_minor" : 0
}