{
	"class_name" : "PinholeCameraParameters",
	"extrinsic" : 
	[
		-0.06512882036202336,
		0.036844998018603553,
		0.99719641138506943,
		0.0,
		0.99550922796024399,
		-0.066399596949445583,
		0.067471998421197998,
		0.0,
		0.068699445443542381,
		0.99711260128731727,
		-0.032355008109865552,
		0.0,
		-3.0311970474998033,
		-41.574287941452049,
		47.190674569472293,
		1.0
	],
	"intrinsic" : 
	{
		"height" : 1080,
		"intrinsic_matrix" : 
		[
			935.30743608719399,
			0.0,
			0.0,
			0.0,
			935.30743608719399,
			0.0,
			959.5,
			539.5,
			1.0
		],
		"width" : 1920
	},
	"version_major" : 1,
	"version_minor" : 0
}