{
	"class_name" : "PinholeCameraParameters",
	"extrinsic" : 
	[
		0.88292456988315904,
		0.41149833701886052,
		-0.22608255688431858,
		0.0,
		-0.38129623229616821,
		0.909401310613973,
		0.16613981909925987,
		0.0,
		0.27396603280951726,
		-0.060484501190805062,
		0.95983552652645343,
		0.0,
		-16.468714178067355,
		-2.0040488890806532,
		5.7301601315754844,
		1.0
	],
	"intrinsic" : 
	{
		"height" : 1080,
		"intrinsic_matrix" : 
		[
			935.30743608719399,
			0.0,
			0.0,
			0.0,
			935.30743608719399,
			0.0,
			959.5,
			539.5,
			1.0
		],
		"width" : 1920
	},
	"version_major" : 1,
	"version_minor" : 0
}