{
	"class_name" : "PinholeCameraParameters",
	"extrinsic" : 
	[
		0.97767539090244482,
		-0.091038026840768616,
		-0.18937504506320577,
		0.0,
		-0.13960961152300452,
		0.39212093335455689,
		-0.90925812066516454,
		0.0,
		0.15703498461854759,
		0.91539786502596265,
		0.37065720323738738,
		0.0,
		-10.324418056172371,
		-39.497372746278955,
		22.701991896820335,
		1.0
	],
	"intrinsic" : 
	{
		"height" : 800,
		"intrinsic_matrix" : 
		[
			692.82032302755124,
			0.0,
			0.0,
			0.0,
			692.82032302755124,
			0.0,
			499.5,
			399.5,
			1.0
		],
		"width" : 1000
	},
	"version_major" : 1,
	"version_minor" : 0
}