{
	"class_name" : "PinholeCameraParameters",
	"extrinsic" : 
	[
		0.91758157333661849,
		0.16326741209485807,
		-0.36247456244672377,
		0.0,
		-0.39584566794113996,
		0.29094822055521374,
		-0.87100823195190735,
		0.0,
		-0.036745931003701798,
		0.94270508914697326,
		0.33159742377025286,
		0.0,
		-2.5862264974591054,
		-44.572757789121582,
		33.219191467665759,
		1.0
	],
	"intrinsic" : 
	{
		"height" : 800,
		"intrinsic_matrix" : 
		[
			692.82032302755124,
			0.0,
			0.0,
			0.0,
			692.82032302755124,
			0.0,
			499.5,
			399.5,
			1.0
		],
		"width" : 1000
	},
	"version_major" : 1,
	"version_minor" : 0
}