{
	"class_name" : "PinholeCameraParameters",
	"extrinsic" : 
	[
		0.99462025349529626,
		-0.094391083776409965,
		0.042671707728513857,
		0.0,
		0.090719434159578893,
		0.99257269849938257,
		0.081051973815692069,
		0.0,
		-0.05000535574034834,
		-0.076744781563104048,
		0.99579601470387136,
		0.0,
		-5.540173508726804,
		0.23343320232665496,
		0.47710439547421246,
		1.0
	],
	"intrinsic" : 
	{
		"height" : 800,
		"intrinsic_matrix" : 
		[
			692.82032302755124,
			0.0,
			0.0,
			0.0,
			692.82032302755124,
			0.0,
			499.5,
			399.5,
			1.0
		],
		"width" : 1000
	},
	"version_major" : 1,
	"version_minor" : 0
}