{
	"class_name" : "PinholeCameraParameters",
	"extrinsic" : 
	[
		-0.66389734505435172,
		-0.0,
		0.74782371935489123,
		0.0,
		0.0,
		-1.0,
		-0.0,
		0.0,
		0.74782371935489123,
		-0.0,
		0.66389734505435172,
		0.0,
		-26.134460994967021,
		0.35763788223266602,
		11.666760396512455,
		1.0
	],
	"intrinsic" : 
	{
		"height" : 800,
		"intrinsic_matrix" : 
		[
			692.82032302755113,
			0.0,
			0.0,
			0.0,
			692.82032302755113,
			0.0,
			499.5,
			399.5,
			1.0
		],
		"width" : 1000
	},
	"version_major" : 1,
	"version_minor" : 0
}