{
	"class_name" : "PinholeCameraParameters",
	"extrinsic" : 
	[
		-0.91060713089464485,
		0.082151631706713898,
		-0.40502563199351688,
		0.0,
		-0.050475903005494455,
		-0.99481460305103997,
		-0.088295462919572881,
		0.0,
		-0.41017902966826969,
		-0.059958443644962903,
		0.91003194925017372,
		0.0,
		28.172175407492805,
		1.6673173607744682,
		4.9250735230573257,
		1.0
	],
	"intrinsic" : 
	{
		"height" : 1080,
		"intrinsic_matrix" : 
		[
			935.30743608719399,
			0.0,
			0.0,
			0.0,
			935.30743608719399,
			0.0,
			959.5,
			539.5,
			1.0
		],
		"width" : 1920
	},
	"version_major" : 1,
	"version_minor" : 0
}