{
	"class_name" : "PinholeCameraParameters",
	"extrinsic" : 
	[
		-0.37720065648600914,
		-0.68970696509012452,
		0.61808087420069358,
		0.0,
		0.862224169287374,
		-0.50513830356784029,
		-0.037480343719106489,
		0.0,
		0.33806677837850568,
		0.51878665805393875,
		0.78522051474856669,
		0.0,
		-15.332822699122676,
		-16.697993248797964,
		5.9981172921379198,
		1.0
	],
	"intrinsic" : 
	{
		"height" : 800,
		"intrinsic_matrix" : 
		[
			692.82032302755113,
			0.0,
			0.0,
			0.0,
			692.82032302755113,
			0.0,
			499.5,
			399.5,
			1.0
		],
		"width" : 1000
	},
	"version_major" : 1,
	"version_minor" : 0
}