{
	"class_name" : "PinholeCameraParameters",
	"extrinsic" : 
	[
		-0.89145488242958226,
		-0.37489392456409859,
		0.25448524106004217,
		0.0,
		0.41997355047260909,
		-0.47280306452757292,
		0.7746479710660622,
		0.0,
		-0.17008941617834628,
		0.79744078620187464,
		0.57892813285056854,
		0.0,
		6.1008993562638487,
		-31.889023082973686,
		8.4324671389435757,
		1.0
	],
	"intrinsic" : 
	{
		"height" : 800,
		"intrinsic_matrix" : 
		[
			692.82032302755124,
			0.0,
			0.0,
			0.0,
			692.82032302755124,
			0.0,
			499.5,
			399.5,
			1.0
		],
		"width" : 1000
	},
	"version_major" : 1,
	"version_minor" : 0
}