{
	"class_name" : "PinholeCameraParameters",
	"extrinsic" : 
	[
		0.40286445008326238,
		0.10845089443438605,
		-0.90881166275279079,
		0.0,
		-0.91452641239134669,
		0.0079596685888683651,
		-0.4044478763877592,
		0.0,
		-0.036628894301129873,
		0.99406994078502198,
		0.10238787491661121,
		0.0,
		2.0807964674205737,
		-44.588318245683809,
		27.26854627279987,
		1.0
	],
	"intrinsic" : 
	{
		"height" : 800,
		"intrinsic_matrix" : 
		[
			692.82032302755113,
			0.0,
			0.0,
			0.0,
			692.82032302755113,
			0.0,
			499.5,
			399.5,
			1.0
		],
		"width" : 1000
	},
	"version_major" : 1,
	"version_minor" : 0
}