{
	"class_name" : "PinholeCameraParameters",
	"extrinsic" : 
	[
		-0.86397878878466483,
		0.26172707204958623,
		-0.43016228598813072,
		0.0,
		-0.17761838887705278,
		-0.95779430308873337,
		-0.22601278924761689,
		0.0,
		-0.47116065249859707,
		-0.11886552371111796,
		0.87400150275041177,
		0.0,
		30.436523924279737,
		2.5699541037049993,
		6.3874933829631235,
		1.0
	],
	"intrinsic" : 
	{
		"height" : 1080,
		"intrinsic_matrix" : 
		[
			935.30743608719399,
			0.0,
			0.0,
			0.0,
			935.30743608719399,
			0.0,
			959.5,
			539.5,
			1.0
		],
		"width" : 1920
	},
	"version_major" : 1,
	"version_minor" : 0
}