{
	"class_name" : "PinholeCameraParameters",
	"extrinsic" : 
	[
		0.68103945126353804,
		-0.6243187645676157,
		0.38263735577100316,
		0.0,
		0.47681926821934423,
		-0.0184709416886919,
		-0.87880726542735299,
		0.0,
		0.5557235385310112,
		0.78095128178516948,
		0.28510777646474794,
		0.0,
		-34.662847264626691,
		-33.984123848098989,
		26.226174351281855,
		1.0
	],
	"intrinsic" : 
	{
		"height" : 1080,
		"intrinsic_matrix" : 
		[
			935.30743608719399,
			0.0,
			0.0,
			0.0,
			935.30743608719399,
			0.0,
			959.5,
			539.5,
			1.0
		],
		"width" : 1920
	},
	"version_major" : 1,
	"version_minor" : 0
}