{
	"class_name" : "PinholeCameraParameters",
	"extrinsic" : 
	[
		-0.20038149066875341,
		0.69327823337315198,
		0.69225179619006383,
		0.0,
		0.81528682543963904,
		-0.27382248143324872,
		0.51022410853103928,
		0.0,
		0.54328137319617709,
		0.66662323676327062,
		-0.51035165302498686,
		0.0,
		-22.916814146705637,
		-27.267502581384431,
		53.932224868814544,
		1.0
	],
	"intrinsic" : 
	{
		"height" : 800,
		"intrinsic_matrix" : 
		[
			692.82032302755113,
			0.0,
			0.0,
			0.0,
			692.82032302755113,
			0.0,
			499.5,
			399.5,
			1.0
		],
		"width" : 1000
	},
	"version_major" : 1,
	"version_minor" : 0
}