{
	"class_name" : "PinholeCameraParameters",
	"extrinsic" : 
	[
		0.93822643985434817,
		-0.23644986184097821,
		0.25263137254430162,
		0.0,
		0.24311031758216609,
		-0.06909330974076261,
		-0.96753474771408887,
		0.0,
		0.24622859509677944,
		0.96918397499362807,
		-0.0073417690114099526,
		0.0,
		-21.87175844382061,
		-38.154545540571391,
		32.915279523592382,
		1.0
	],
	"intrinsic" : 
	{
		"height" : 800,
		"intrinsic_matrix" : 
		[
			692.82032302755113,
			0.0,
			0.0,
			0.0,
			692.82032302755113,
			0.0,
			499.5,
			399.5,
			1.0
		],
		"width" : 1000
	},
	"version_major" : 1,
	"version_minor" : 0
}