{
	"class_name" : "PinholeCameraParameters",
	"extrinsic" : 
	[
		-0.16488905442999841,
		-0.16443141609131307,
		-0.97250907920254737,
		0.0,
		-0.8342351347801541,
		-0.502763703332751,
		0.22645175757647781,
		0.0,
		-0.52617804935926338,
		0.84864065894425722,
		-0.054274232920766594,
		0.0,
		22.405274851523519,
		-34.557349270767844,
		35.566365847919769,
		1.0
	],
	"intrinsic" : 
	{
		"height" : 800,
		"intrinsic_matrix" : 
		[
			692.82032302755113,
			0.0,
			0.0,
			0.0,
			692.82032302755113,
			0.0,
			499.5,
			399.5,
			1.0
		],
		"width" : 1000
	},
	"version_major" : 1,
	"version_minor" : 0
}