{
	"class_name" : "PinholeCameraParameters",
	"extrinsic" : 
	[
		0.88393811126593758,
		-0.45010254869867178,
		-0.12673243904607429,
		0.0,
		-0.068331747676512511,
		0.14377900237994767,
		-0.98724787704714789,
		0.0,
		0.46258424931149633,
		0.88132587283568775,
		0.096335446017198831,
		0.0,
		-24.924187780619143,
		-32.641669370520788,
		34.260817528001944,
		1.0
	],
	"intrinsic" : 
	{
		"height" : 800,
		"intrinsic_matrix" : 
		[
			692.82032302755113,
			0.0,
			0.0,
			0.0,
			692.82032302755113,
			0.0,
			499.5,
			399.5,
			1.0
		],
		"width" : 1000
	},
	"version_major" : 1,
	"version_minor" : 0
}