{
	"class_name" : "PinholeCameraParameters",
	"extrinsic" : 
	[
		0.59294733492167151,
		0.75035235020808133,
		-0.2922067907261845,
		0.0,
		-0.27415107024793151,
		-0.15308918984477998,
		-0.94942345169823072,
		0.0,
		-0.75713581918385098,
		0.64306690980789705,
		0.11493607274881608,
		0.0,
		20.396760209913538,
		-29.471294532919835,
		52.150519711108672,
		1.0
	],
	"intrinsic" : 
	{
		"height" : 800,
		"intrinsic_matrix" : 
		[
			692.82032302755113,
			0.0,
			0.0,
			0.0,
			692.82032302755113,
			0.0,
			499.5,
			399.5,
			1.0
		],
		"width" : 1000
	},
	"version_major" : 1,
	"version_minor" : 0
}