{
	"class_name" : "PinholeCameraParameters",
	"extrinsic" : 
	[
		-0.95631995833644645,
		0.036844998018603956,
		-0.28999066089856523,
		0.0,
		-0.29188922769196646,
		-0.066399596949445874,
		0.95414452379203996,
		0.0,
		0.01590019008581136,
		0.99711260128731727,
		0.07425391780421324,
		0.0,
		-1.3463938245576861,
		-41.574287941452049,
		41.674217458975697,
		1.0
	],
	"intrinsic" : 
	{
		"height" : 1080,
		"intrinsic_matrix" : 
		[
			935.30743608719399,
			0.0,
			0.0,
			0.0,
			935.30743608719399,
			0.0,
			959.5,
			539.5,
			1.0
		],
		"width" : 1920
	},
	"version_major" : 1,
	"version_minor" : 0
}