{
	"class_name" : "PinholeCameraParameters",
	"extrinsic" : 
	[
		-0.17918038866509689,
		0.71274771598224829,
		-0.67814827411113665,
		0.0,
		-0.58756195494975361,
		-0.63039811067682439,
		-0.50731565238095522,
		0.0,
		-0.78909146327497981,
		0.30755310991303403,
		0.5317384198733176,
		0.0,
		37.276705723211286,
		-20.372701586948626,
		27.87920052662,
		1.0
	],
	"intrinsic" : 
	{
		"height" : 800,
		"intrinsic_matrix" : 
		[
			692.82032302755113,
			0.0,
			0.0,
			0.0,
			692.82032302755113,
			0.0,
			499.5,
			399.5,
			1.0
		],
		"width" : 1000
	},
	"version_major" : 1,
	"version_minor" : 0
}