{
	"class_name" : "PinholeCameraParameters",
	"extrinsic" : 
	[
		0.75743828427708126,
		-0.028629595949800243,
		-0.65227876843198163,
		0.0,
		-0.65258692321755885,
		-0.0019299326381469074,
		-0.75771141142617915,
		0.0,
		0.020434117471317209,
		0.99958822601897601,
		-0.020145104800050356,
		0.0,
		-2.823073660745604,
		-34.806169161970743,
		59.499070127937749,
		1.0
	],
	"intrinsic" : 
	{
		"height" : 800,
		"intrinsic_matrix" : 
		[
			692.82032302755124,
			0.0,
			0.0,
			0.0,
			692.82032302755124,
			0.0,
			499.5,
			399.5,
			1.0
		],
		"width" : 1000
	},
	"version_major" : 1,
	"version_minor" : 0
}