{
	"class_name" : "PinholeCameraParameters",
	"extrinsic" : 
	[
		0.1524218616847087,
		0.7714600927434172,
		-0.61775148837124272,
		0.0,
		-0.8979294447562336,
		-0.15304287366100466,
		-0.4126749217742024,
		0.0,
		-0.4129046964135063,
		0.61759793079794223,
		0.66938965300770115,
		0.0,
		17.44972945174834,
		-25.177091869872058,
		3.8260125728742604,
		1.0
	],
	"intrinsic" : 
	{
		"height" : 800,
		"intrinsic_matrix" : 
		[
			692.82032302755113,
			0.0,
			0.0,
			0.0,
			692.82032302755113,
			0.0,
			499.5,
			399.5,
			1.0
		],
		"width" : 1000
	},
	"version_major" : 1,
	"version_minor" : 0
}