{
	"class_name" : "PinholeCameraParameters",
	"extrinsic" : 
	[
		-0.56802755424615092,
		0.59319779555756402,
		-0.57049195696590038,
		0.0,
		-0.43761246149915911,
		-0.80476054888302029,
		-0.4010683140091561,
		0.0,
		-0.69702226015944668,
		0.021836536061071801,
		0.71671691380563241,
		0.0,
		37.798175873881135,
		-7.3005282389027215,
		15.186547922981561,
		1.0
	],
	"intrinsic" : 
	{
		"height" : 1080,
		"intrinsic_matrix" : 
		[
			935.30743608719399,
			0.0,
			0.0,
			0.0,
			935.30743608719399,
			0.0,
			959.5,
			539.5,
			1.0
		],
		"width" : 1920
	},
	"version_major" : 1,
	"version_minor" : 0
}