{
	"class_name" : "PinholeCameraParameters",
	"extrinsic" : 
	[
		-0.9372948811961257,
		0.069677886581202414,
		-0.34150153411824946,
		0.0,
		-0.073965637532297707,
		-0.99726068136107238,
		-0.00046677156151096153,
		0.0,
		-0.34059857625653922,
		0.024821876094021891,
		0.93988110116077528,
		0.0,
		25.229594940315184,
		-2.1153258762481397,
		2.9249248364579374,
		1.0
	],
	"intrinsic" : 
	{
		"height" : 800,
		"intrinsic_matrix" : 
		[
			692.82032302755113,
			0.0,
			0.0,
			0.0,
			692.82032302755113,
			0.0,
			499.5,
			399.5,
			1.0
		],
		"width" : 1000
	},
	"version_major" : 1,
	"version_minor" : 0
}