{
	"class_name" : "PinholeCameraParameters",
	"extrinsic" : 
	[
		0.42575793446397597,
		0.10506967276520997,
		-0.89871605365987572,
		0.0,
		-0.90481657112463965,
		0.042746997616807558,
		-0.42365040636472756,
		0.0,
		-0.0060953965596047474,
		0.99354570003586673,
		0.1132686544504737,
		0.0,
		-2.0251501032543189,
		-40.351667506875458,
		40.349157939117219,
		1.0
	],
	"intrinsic" : 
	{
		"height" : 800,
		"intrinsic_matrix" : 
		[
			692.82032302755124,
			0.0,
			0.0,
			0.0,
			692.82032302755124,
			0.0,
			499.5,
			399.5,
			1.0
		],
		"width" : 1000
	},
	"version_major" : 1,
	"version_minor" : 0
}