{
	"class_name" : "PinholeCameraParameters",
	"extrinsic" : 
	[
		0.23164883067685271,
		0.32014790676103516,
		-0.9186098938301146,
		0.0,
		-0.97212265742720827,
		0.11140104669323421,
		-0.20631855397010418,
		0.0,
		0.036281650495943021,
		0.94079494290317034,
		0.33702895609296069,
		0.0,
		-0.2402847025099919,
		-40.161747660001616,
		26.078474850783607,
		1.0
	],
	"intrinsic" : 
	{
		"height" : 800,
		"intrinsic_matrix" : 
		[
			692.82032302755113,
			0.0,
			0.0,
			0.0,
			692.82032302755113,
			0.0,
			499.5,
			399.5,
			1.0
		],
		"width" : 1000
	},
	"version_major" : 1,
	"version_minor" : 0
}