{
	"class_name" : "PinholeCameraParameters",
	"extrinsic" : 
	[
		-0.94690253145852665,
		0.17742647000033007,
		-0.26813325728200177,
		0.0,
		-0.132641333107795,
		-0.9752476452158505,
		-0.17691327607708152,
		0.0,
		-0.29288542583887844,
		-0.13195407626958958,
		0.94699854756330981,
		0.0,
		24.733627952487943,
		6.4255737844582983,
		-3.2972817333623405,
		1.0
	],
	"intrinsic" : 
	{
		"height" : 800,
		"intrinsic_matrix" : 
		[
			692.82032302755124,
			0.0,
			0.0,
			0.0,
			692.82032302755124,
			0.0,
			499.5,
			399.5,
			1.0
		],
		"width" : 1000
	},
	"version_major" : 1,
	"version_minor" : 0
}