{
	"class_name" : "PinholeCameraParameters",
	"extrinsic" : 
	[
		0.99993947355293211,
		-0.0048321678334625178,
		-0.0098842999101769018,
		0.0,
		0.0026358815167041123,
		0.97744198895707735,
		-0.21118761884225759,
		0.0,
		0.010681823782246672,
		0.21114878256258554,
		0.9773955648881486,
		0.0,
		-7.8359600908134484,
		-9.3547896127593564,
		3.9754624333845028,
		1.0
	],
	"intrinsic" : 
	{
		"height" : 1080,
		"intrinsic_matrix" : 
		[
			935.30743608719399,
			0.0,
			0.0,
			0.0,
			935.30743608719399,
			0.0,
			959.5,
			539.5,
			1.0
		],
		"width" : 1920
	},
	"version_major" : 1,
	"version_minor" : 0
}