{
	"class_name" : "PinholeCameraParameters",
	"extrinsic" : 
	[
		-0.17897782716612634,
		0.63344632462006989,
		-0.75280322210270689,
		0.0,
		-0.87175051682331728,
		-0.45681184755494247,
		-0.17712699498303258,
		0.0,
		-0.4560898746970507,
		0.62455479323976471,
		0.63396635276650404,
		0.0,
		25.083971712737256,
		-33.997017259112482,
		21.981060369150683,
		1.0
	],
	"intrinsic" : 
	{
		"height" : 800,
		"intrinsic_matrix" : 
		[
			692.82032302755113,
			0.0,
			0.0,
			0.0,
			692.82032302755113,
			0.0,
			499.5,
			399.5,
			1.0
		],
		"width" : 1000
	},
	"version_major" : 1,
	"version_minor" : 0
}