{
	"class_name" : "PinholeCameraParameters",
	"extrinsic" : 
	[
		-0.95993641297738974,
		0.10667376002993562,
		-0.25911926204197572,
		0.0,
		0.0096852035389223962,
		-0.91152335476744661,
		-0.41113424881163751,
		0.0,
		-0.28005049521918723,
		-0.39717235885012886,
		0.87397130244242716,
		0.0,
		22.690344822012566,
		16.987585279667304,
		5.017350975536611,
		1.0
	],
	"intrinsic" : 
	{
		"height" : 1080,
		"intrinsic_matrix" : 
		[
			935.30743608719399,
			0.0,
			0.0,
			0.0,
			935.30743608719399,
			0.0,
			959.5,
			539.5,
			1.0
		],
		"width" : 1920
	},
	"version_major" : 1,
	"version_minor" : 0
}