{
	"class_name" : "PinholeCameraParameters",
	"extrinsic" : 
	[
		0.92030097539507527,
		0.35029668535026237,
		-0.17417906567521965,
		0.0,
		-0.26113800387025515,
		0.21854636558789464,
		-0.94023636869830829,
		0.0,
		-0.29129548163597002,
		0.91078522074138957,
		0.29260421059432251,
		0.0,
		10.152578617105423,
		-42.77974983171616,
		38.642658558180635,
		1.0
	],
	"intrinsic" : 
	{
		"height" : 933,
		"intrinsic_matrix" : 
		[
			808.00170173088156,
			0.0,
			0.0,
			0.0,
			808.00170173088156,
			0.0,
			649.5,
			466.0,
			1.0
		],
		"width" : 1300
	},
	"version_major" : 1,
	"version_minor" : 0
}