{
	"class_name" : "PinholeCameraParameters",
	"extrinsic" : 
	[
		-0.92292778933896424,
		0.11846781977643861,
		-0.36629178443327104,
		0.0,
		-0.071287110853326396,
		-0.98761045232173139,
		-0.13979893522860143,
		0.0,
		-0.3783152699694769,
		-0.10291243920091683,
		0.91993836009030494,
		0.0,
		26.793817526837845,
		3.246497833946179,
		3.8861028695101547,
		1.0
	],
	"intrinsic" : 
	{
		"height" : 1080,
		"intrinsic_matrix" : 
		[
			935.30743608719399,
			0.0,
			0.0,
			0.0,
			935.30743608719399,
			0.0,
			959.5,
			539.5,
			1.0
		],
		"width" : 1920
	},
	"version_major" : 1,
	"version_minor" : 0
}