{
	"class_name" : "PinholeCameraParameters",
	"extrinsic" : 
	[
		0.56875254526704144,
		0.17716736617536491,
		-0.80320126158687422,
		0.0,
		-0.82247041149435396,
		0.13192377532063532,
		-0.55329787612230963,
		0.0,
		0.0079350153478247032,
		0.9752988474655524,
		0.22074689955647187,
		0.0,
		1.8124170769346954,
		-43.197506718004533,
		24.480902731401251,
		1.0
	],
	"intrinsic" : 
	{
		"height" : 800,
		"intrinsic_matrix" : 
		[
			692.82032302755113,
			0.0,
			0.0,
			0.0,
			692.82032302755113,
			0.0,
			499.5,
			399.5,
			1.0
		],
		"width" : 1000
	},
	"version_major" : 1,
	"version_minor" : 0
}