{
	"class_name" : "PinholeCameraParameters",
	"extrinsic" : 
	[
		0.68605792292807144,
		0.35559629362899114,
		-0.63472498166130564,
		0.0,
		-0.6843991624976048,
		0.019459015406092656,
		-0.72884781202388382,
		0.0,
		-0.2468244573785135,
		0.93443706191308029,
		0.25671981723866316,
		0.0,
		11.863770790107985,
		-41.101956163947925,
		26.23274459593442,
		1.0
	],
	"intrinsic" : 
	{
		"height" : 800,
		"intrinsic_matrix" : 
		[
			692.82032302755124,
			0.0,
			0.0,
			0.0,
			692.82032302755124,
			0.0,
			499.5,
			399.5,
			1.0
		],
		"width" : 1000
	},
	"version_major" : 1,
	"version_minor" : 0
}