{
	"class_name" : "PinholeCameraParameters",
	"extrinsic" : 
	[
		-0.72448672846491879,
		0.37393319779099043,
		-0.57904485479797096,
		0.0,
		-0.28819022870749506,
		-0.92743750852415097,
		-0.23834021872113262,
		0.0,
		-0.62615123760615599,
		-0.0057992561867610537,
		0.7796800601990278,
		0.0,
		36.166224960963767,
		-3.8199470771495045,
		-12.784029192013145,
		1.0
	],
	"intrinsic" : 
	{
		"height" : 1080,
		"intrinsic_matrix" : 
		[
			935.30743608719399,
			0.0,
			0.0,
			0.0,
			935.30743608719399,
			0.0,
			959.5,
			539.5,
			1.0
		],
		"width" : 1920
	},
	"version_major" : 1,
	"version_minor" : 0
}