{
	"class_name" : "PinholeCameraParameters",
	"extrinsic" : 
	[
		0.65558276945774241,
		-0.38893689261612541,
		0.64725522473922859,
		0.0,
		0.57364912685658498,
		-0.30088951959685434,
		-0.76183474340138368,
		0.0,
		0.49105795141387776,
		0.87074312547322874,
		0.025855324293438314,
		0.0,
		-11.380866429769981,
		-33.341381852451399,
		61.624772945741576,
		1.0
	],
	"intrinsic" : 
	{
		"height" : 800,
		"intrinsic_matrix" : 
		[
			692.82032302755124,
			0.0,
			0.0,
			0.0,
			692.82032302755124,
			0.0,
			499.5,
			399.5,
			1.0
		],
		"width" : 1000
	},
	"version_major" : 1,
	"version_minor" : 0
}