{
	"class_name" : "PinholeCameraParameters",
	"extrinsic" : 
	[
		0.97589506983956631,
		-0.20340716010080584,
		0.079084384568341021,
		0.0,
		0.20966974098109772,
		0.97440127691417078,
		-0.081121829768275394,
		0.0,
		-0.060559164292016923,
		0.095747996155318094,
		0.99356172875795379,
		0.0,
		-5.2454371166265732,
		-3.5707995338777008,
		2.8810473167602701,
		1.0
	],
	"intrinsic" : 
	{
		"height" : 1080,
		"intrinsic_matrix" : 
		[
			935.30743608719399,
			0.0,
			0.0,
			0.0,
			935.30743608719399,
			0.0,
			959.5,
			539.5,
			1.0
		],
		"width" : 1920
	},
	"version_major" : 1,
	"version_minor" : 0
}