{
	"class_name" : "PinholeCameraParameters",
	"extrinsic" : 
	[
		-0.52747016454478524,
		0.59329117047427404,
		-0.6080960553665542,
		0.0,
		-0.44792783805791897,
		-0.80240912477227788,
		-0.39433519799143713,
		0.0,
		-0.7218974147396956,
		0.064383099641545427,
		0.68899850440526422,
		0.0,
		37.163829343250669,
		-8.3778984274492565,
		20.117108459742141,
		1.0
	],
	"intrinsic" : 
	{
		"height" : 800,
		"intrinsic_matrix" : 
		[
			692.82032302755113,
			0.0,
			0.0,
			0.0,
			692.82032302755113,
			0.0,
			499.5,
			399.5,
			1.0
		],
		"width" : 1000
	},
	"version_major" : 1,
	"version_minor" : 0
}