{
	"class_name" : "PinholeCameraParameters",
	"extrinsic" : 
	[
		-0.87556077722964221,
		-0.052501071822417242,
		-0.48024677285175205,
		0.0,
		-0.043837657468871041,
		-0.98134242968456031,
		0.18720388748219385,
		0.0,
		-0.48111493966064584,
		0.18496127475312596,
		0.85692341645973935,
		0.0,
		31.056666815742194,
		-8.2767716830056255,
		8.0443380399544271,
		1.0
	],
	"intrinsic" : 
	{
		"height" : 1080,
		"intrinsic_matrix" : 
		[
			935.30743608719399,
			0.0,
			0.0,
			0.0,
			935.30743608719399,
			0.0,
			959.5,
			539.5,
			1.0
		],
		"width" : 1920
	},
	"version_major" : 1,
	"version_minor" : 0
}