{
	"class_name" : "PinholeCameraParameters",
	"extrinsic" : 
	[
		-0.72272103629653206,
		0.45854993643847908,
		-0.51711339132412115,
		0.0,
		-0.38647134583705345,
		-0.88842401825094985,
		-0.24767450947106495,
		0.0,
		-0.57298708758693995,
		0.020849930146232654,
		0.81929913820992983,
		0.0,
		34.276599370777213,
		-10.639777842343181,
		9.4140899240787164,
		1.0
	],
	"intrinsic" : 
	{
		"height" : 1080,
		"intrinsic_matrix" : 
		[
			935.30743608719399,
			0.0,
			0.0,
			0.0,
			935.30743608719399,
			0.0,
			959.5,
			539.5,
			1.0
		],
		"width" : 1920
	},
	"version_major" : 1,
	"version_minor" : 0
}