{
	"class_name" : "PinholeCameraParameters",
	"extrinsic" : 
	[
		-0.17462335861298964,
		0.50482310165471878,
		-0.84537584461730919,
		0.0,
		-0.82474026442761272,
		-0.54399947769406498,
		-0.15449292702404216,
		0.0,
		-0.53787561653098825,
		0.67023742383150631,
		0.51134295422653009,
		0.0,
		28.479905439274056,
		-34.115789147008478,
		28.469043091187842,
		1.0
	],
	"intrinsic" : 
	{
		"height" : 800,
		"intrinsic_matrix" : 
		[
			692.82032302755113,
			0.0,
			0.0,
			0.0,
			692.82032302755113,
			0.0,
			499.5,
			399.5,
			1.0
		],
		"width" : 1000
	},
	"version_major" : 1,
	"version_minor" : 0
}