{
	"class_name" : "PinholeCameraParameters",
	"extrinsic" : 
	[
		-0.90522076058246226,
		0.21380978246511914,
		-0.36723391936574579,
		0.0,
		-0.14488457646090458,
		-0.96770724752198201,
		-0.20627928300528373,
		0.0,
		-0.39947945393255574,
		-0.13352175858506385,
		0.90696643039866642,
		0.0,
		27.564648458972389,
		3.7290569253432309,
		4.2399771549292433,
		1.0
	],
	"intrinsic" : 
	{
		"height" : 1080,
		"intrinsic_matrix" : 
		[
			935.30743608719399,
			0.0,
			0.0,
			0.0,
			935.30743608719399,
			0.0,
			959.5,
			539.5,
			1.0
		],
		"width" : 1920
	},
	"version_major" : 1,
	"version_minor" : 0
}