{
	"class_name" : "PinholeCameraParameters",
	"extrinsic" : 
	[
		0.98120942833288705,
		-0.13309370640414131,
		-0.13969295997385595,
		0.0,
		-0.13961016219557254,
		0.010000631256691797,
		-0.99015604325085738,
		0.0,
		0.13318055549657018,
		0.99105300195805679,
		-0.0087685202599455184,
		0.0,
		-11.689310026137564,
		-35.419006189337949,
		55.293725793349999,
		1.0
	],
	"intrinsic" : 
	{
		"height" : 800,
		"intrinsic_matrix" : 
		[
			692.82032302755113,
			0.0,
			0.0,
			0.0,
			692.82032302755113,
			0.0,
			499.5,
			399.5,
			1.0
		],
		"width" : 1000
	},
	"version_major" : 1,
	"version_minor" : 0
}