{
	"class_name" : "PinholeCameraParameters",
	"extrinsic" : 
	[
		0.93599496866968313,
		-0.31713851833773271,
		-0.15276314611707381,
		0.0,
		0.16066314611639088,
		0.77100824874321616,
		-0.61622531094551947,
		0.0,
		0.3132104278356998,
		0.55224038294611022,
		0.77261231373730477,
		0.0,
		-7.116675950885428,
		-15.012315889655691,
		34.344113131900244,
		1.0
	],
	"intrinsic" : 
	{
		"height" : 800,
		"intrinsic_matrix" : 
		[
			692.82032302755113,
			0.0,
			0.0,
			0.0,
			692.82032302755113,
			0.0,
			499.5,
			399.5,
			1.0
		],
		"width" : 1000
	},
	"version_major" : 1,
	"version_minor" : 0
}