{
	"class_name" : "PinholeCameraParameters",
	"extrinsic" : 
	[
		0.17679941439979943,
		0.82436351160194876,
		-0.53774228753854914,
		0.0,
		-0.98383471476745177,
		0.16382782533099144,
		-0.07231664860711666,
		0.0,
		0.028481943162906323,
		0.54183507120397978,
		0.84000210388251018,
		0.0,
		-0.94155701551347981,
		-22.012664694717785,
		-3.2734970360545752,
		1.0
	],
	"intrinsic" : 
	{
		"height" : 800,
		"intrinsic_matrix" : 
		[
			692.82032302755113,
			0.0,
			0.0,
			0.0,
			692.82032302755113,
			0.0,
			499.5,
			399.5,
			1.0
		],
		"width" : 1000
	},
	"version_major" : 1,
	"version_minor" : 0
}