{
	"class_name" : "PinholeCameraParameters",
	"extrinsic" : 
	[
		-0.82904014442422536,
		-0.0,
		-0.55918909049896492,
		0.0,
		0.0,
		-1.0,
		-0.0,
		0.0,
		-0.55918909049896492,
		-0.0,
		0.82904014442422536,
		0.0,
		23.173640426729207,
		0.82170400000000043,
		-0.72839564810089996,
		1.0
	],
	"intrinsic" : 
	{
		"height" : 800,
		"intrinsic_matrix" : 
		[
			692.82032302755113,
			0.0,
			0.0,
			0.0,
			692.82032302755113,
			0.0,
			499.5,
			399.5,
			1.0
		],
		"width" : 1000
	},
	"version_major" : 1,
	"version_minor" : 0
}