{
	"class_name" : "PinholeCameraParameters",
	"extrinsic" : 
	[
		0.78809273910546096,
		0.023471151632450133,
		-0.61510888435324884,
		0.0,
		-0.61441698268565725,
		-0.030781254176608583,
		-0.78838079998105492,
		0.0,
		-0.037438028216035153,
		0.99925052886268806,
		-0.0098374087509773243,
		0.0,
		0.56732859948807901,
		-43.48038950894054,
		40.037732351177119,
		1.0
	],
	"intrinsic" : 
	{
		"height" : 800,
		"intrinsic_matrix" : 
		[
			692.82032302755124,
			0.0,
			0.0,
			0.0,
			692.82032302755124,
			0.0,
			499.5,
			399.5,
			1.0
		],
		"width" : 1000
	},
	"version_major" : 1,
	"version_minor" : 0
}