{
	"class_name" : "PinholeCameraParameters",
	"extrinsic" : 
	[
		0.90296430158124297,
		0.21429115915411867,
		-0.37247116556625198,
		0.0,
		-0.35578374409271651,
		0.85891231822418679,
		-0.36835791974942234,
		0.0,
		0.24098422668147085,
		0.46513323759019598,
		0.85180847247464964,
		0.0,
		-18.18704959676425,
		-20.221229698277266,
		12.495505552006247,
		1.0
	],
	"intrinsic" : 
	{
		"height" : 800,
		"intrinsic_matrix" : 
		[
			692.82032302755113,
			0.0,
			0.0,
			0.0,
			692.82032302755113,
			0.0,
			499.5,
			399.5,
			1.0
		],
		"width" : 1000
	},
	"version_major" : 1,
	"version_minor" : 0
}