{
	"class_name" : "PinholeCameraParameters",
	"extrinsic" : 
	[
		-0.87909827012561592,
		0.17634447730237454,
		-0.44281921456402734,
		0.0,
		-0.24703709388487188,
		-0.96309228691105053,
		0.10689210044413844,
		0.0,
		-0.40762593846204975,
		0.20336143247281452,
		0.89021639059025315,
		0.0,
		35.323687290778452,
		-15.297736493506848,
		23.387892977732829,
		1.0
	],
	"intrinsic" : 
	{
		"height" : 800,
		"intrinsic_matrix" : 
		[
			692.82032302755124,
			0.0,
			0.0,
			0.0,
			692.82032302755124,
			0.0,
			499.5,
			399.5,
			1.0
		],
		"width" : 1000
	},
	"version_major" : 1,
	"version_minor" : 0
}