{
	"class_name" : "PinholeCameraParameters",
	"extrinsic" : 
	[
		-0.21141646821133359,
		-0.69632593944189436,
		0.6858813767915044,
		0.0,
		0.94271173079794535,
		-0.33055816852574083,
		-0.045009885990194745,
		0.0,
		0.25806524288440813,
		0.63707258870655503,
		0.72632007209889227,
		0.0,
		-13.238019352429934,
		-22.644213821509481,
		8.1885100159147992,
		1.0
	],
	"intrinsic" : 
	{
		"height" : 800,
		"intrinsic_matrix" : 
		[
			692.82032302755113,
			0.0,
			0.0,
			0.0,
			692.82032302755113,
			0.0,
			499.5,
			399.5,
			1.0
		],
		"width" : 1000
	},
	"version_major" : 1,
	"version_minor" : 0
}