{
	"class_name" : "PinholeCameraParameters",
	"extrinsic" : 
	[
		-0.10110410087304152,
		0.99024934995438518,
		0.095834157280020232,
		0.0,
		0.031644640439247806,
		-0.093078087361389727,
		0.99515581010443599,
		0.0,
		0.99437245412276221,
		0.10364697085811682,
		-0.021925508290849667,
		0.0,
		-38.398720781688034,
		-11.159868764436297,
		34.548731650971703,
		1.0
	],
	"intrinsic" : 
	{
		"height" : 800,
		"intrinsic_matrix" : 
		[
			692.82032302755113,
			0.0,
			0.0,
			0.0,
			692.82032302755113,
			0.0,
			499.5,
			399.5,
			1.0
		],
		"width" : 1000
	},
	"version_major" : 1,
	"version_minor" : 0
}