{
	"class_name" : "PinholeCameraParameters",
	"extrinsic" : 
	[
		-0.8070391339887002,
		0.34943862113662721,
		0.47600471244400694,
		0.0,
		-0.14106817345094286,
		-0.89685906759345213,
		0.41921782323109602,
		0.0,
		0.57340004067839379,
		0.27117607367453439,
		0.77309503323749273,
		0.0,
		23.163949086499436,
		21.287281275031198,
		99.85071654261867,
		1.0
	],
	"intrinsic" : 
	{
		"height" : 800,
		"intrinsic_matrix" : 
		[
			692.82032302755113,
			0.0,
			0.0,
			0.0,
			692.82032302755113,
			0.0,
			499.5,
			399.5,
			1.0
		],
		"width" : 1000
	},
	"version_major" : 1,
	"version_minor" : 0
}