{
	"class_name" : "PinholeCameraParameters",
	"extrinsic" : 
	[
		-0.77204950670927941,
		0.31057946477292886,
		-0.55450875128470201,
		0.0,
		-0.42430999309771333,
		-0.90143536572584892,
		0.085879631904914058,
		0.0,
		-0.47318134890058478,
		0.30158693187879693,
		0.8277346999930334,
		0.0,
		29.531662339833083,
		-17.26384182447563,
		9.8650631084757414,
		1.0
	],
	"intrinsic" : 
	{
		"height" : 1080,
		"intrinsic_matrix" : 
		[
			935.30743608719399,
			0.0,
			0.0,
			0.0,
			935.30743608719399,
			0.0,
			959.5,
			539.5,
			1.0
		],
		"width" : 1920
	},
	"version_major" : 1,
	"version_minor" : 0
}